[
  {
    "_id": "68a05e961aa07bbc34aaca54",
    "type": "Simple",
    "symbol": "Kg",
    "formalName": "Kilo",
    "decimalPlaces": 0,
    "createdAt": "2025-08-16T10:33:58.208Z",
    "__v": 0
  },
  {
    "_id": "68a05ede1aa07bbc34aaca5a",
    "type": "Simple",
    "symbol": "Milk crt",
    "formalName": "Milk crate",
    "decimalPlaces": 0,
    "createdAt": "2025-08-16T10:35:10.833Z",
    "__v": 0
  },
  {
    "_id": "68a1b2f4ea019073c382e972",
    "type": "Compound",
    "symbol": "Milk crt/Kg",
    "formalName": "Milk crate per Kilo",
    "decimalPlaces": 0,
    "conversionFactor": 3,
    "createdAt": "2025-08-17T10:46:12.686Z",
    "firstUnit": "68a05ede1aa07bbc34aaca5a",
    "secondUnit": "68a05e961aa07bbc34aaca54",
    "__v": 0
  },
  {
    "_id": "68a1b5de3090fca0853f014b",
    "type": "Simple",
    "symbol": "Box",
    "formalName": "Box",
    "decimalPlaces": 0,
    "createdAt": "2025-08-17T10:58:38.135Z",
    "__v": 0
  },
  {
    "_id": "68a2b1ba4b7181b6c608e931",
    "type": "Compound",
    "symbol": "Milk crt/Box",
    "formalName": "Milk crate per Box",
    "decimalPlaces": 0,
    "conversionFactor": 15,
    "createdAt": "2025-08-18T04:53:14.719Z",
    "firstUnit": "68a05ede1aa07bbc34aaca5a",
    "secondUnit": "68a1b5de3090fca0853f014b",
    "__v": 0
  },
  {
    "_id": "68a2b1cb4b7181b6c608e937",
    "type": "Compound",
    "symbol": "Milk crt/Box",
    "formalName": "Milk crate per Box",
    "decimalPlaces": 0,
    "conversionFactor": 12,
    "createdAt": "2025-08-18T04:53:31.167Z",
    "firstUnit": "68a05ede1aa07bbc34aaca5a",
    "secondUnit": "68a1b5de3090fca0853f014b",
    "__v": 0
  },
  {
    "_id": "68a2c4c6440962a09d36cf98",
    "type": "Compound",
    "symbol": "Milk crt/Kg",
    "formalName": "Milk crate per Kilo",
    "decimalPlaces": 0,
    "conversionFactor": 12,
    "createdAt": "2025-08-18T06:14:30.892Z",
    "firstUnit": "68a05ede1aa07bbc34aaca5a",
    "secondUnit": "68a05e961aa07bbc34aaca54",
    "__v": 0
  },
  {
    "_id": "68a493c50f16c9aff95cc514",
    "type": "Simple",
    "symbol": "Pcs",
    "formalName": "Pisces",
    "decimalPlaces": 0,
    "createdAt": "2025-08-19T15:09:57.007Z",
    "__v": 0
  },
  {
    "_id": "68a493db0f16c9aff95cc51a",
    "type": "Compound",
    "symbol": "Milk crt/Pcs",
    "formalName": "Milk crate per Pisces",
    "decimalPlaces": 0,
    "conversionFactor": 60,
    "createdAt": "2025-08-19T15:10:19.584Z",
    "firstUnit": "68a05ede1aa07bbc34aaca5a",
    "secondUnit": "68a493c50f16c9aff95cc514",
    "__v": 0
  },
  {
    "_id": "68a562bf5f1f64d31750c405",
    "type": "Compound",
    "symbol": "Milk crt/Pcs",
    "formalName": "Milk crate per Pisces",
    "decimalPlaces": 0,
    "conversionFactor": 30,
    "createdAt": "2025-08-20T05:53:03.064Z",
    "firstUnit": "68a05ede1aa07bbc34aaca5a",
    "secondUnit": "68a493c50f16c9aff95cc514",
    "__v": 0
  },
  {
    "_id": "68a8220dd25c0f0e6ef143af",
    "type": "Compound",
    "symbol": "Milk crt/Pcs",
    "formalName": "Milk crate per Pisces",
    "decimalPlaces": 0,
    "conversionFactor": 28,
    "createdAt": "2025-08-22T07:53:49.604Z",
    "firstUnit": "68a05ede1aa07bbc34aaca5a",
    "secondUnit": "68a493c50f16c9aff95cc514",
    "__v": 0
  },
  {
    "_id": "68a8221ad25c0f0e6ef143b5",
    "type": "Compound",
    "symbol": "Milk crt/Pcs",
    "formalName": "Milk crate per Pisces",
    "decimalPlaces": 0,
    "conversionFactor": 14,
    "createdAt": "2025-08-22T07:54:02.519Z",
    "firstUnit": "68a05ede1aa07bbc34aaca5a",
    "secondUnit": "68a493c50f16c9aff95cc514",
    "__v": 0
  },
  {
    "_id": "68a8222dd25c0f0e6ef143bb",
    "type": "Compound",
    "symbol": "Milk crt/Box",
    "formalName": "Milk crate per Box",
    "decimalPlaces": 0,
    "conversionFactor": 6,
    "createdAt": "2025-08-22T07:54:21.632Z",
    "firstUnit": "68a05ede1aa07bbc34aaca5a",
    "secondUnit": "68a1b5de3090fca0853f014b",
    "__v": 0
  },
  {
    "_id": "68a82260d25c0f0e6ef143c1",
    "type": "Compound",
    "symbol": "Milk crt/Pcs",
    "formalName": "Milk crate per Pisces",
    "decimalPlaces": 0,
    "conversionFactor": 40,
    "createdAt": "2025-08-22T07:55:12.841Z",
    "firstUnit": "68a05ede1aa07bbc34aaca5a",
    "secondUnit": "68a493c50f16c9aff95cc514",
    "__v": 0
  },
  {
    "_id": "68a824b513257fc97ea10244",
    "type": "Compound",
    "symbol": "Milk crt/Pcs",
    "formalName": "Milk crate per Pisces",
    "decimalPlaces": 0,
    "conversionFactor": 26,
    "createdAt": "2025-08-22T08:05:09.007Z",
    "firstUnit": "68a05ede1aa07bbc34aaca5a",
    "secondUnit": "68a493c50f16c9aff95cc514",
    "__v": 0
  },
  {
    "_id": "68a8250713257fc97ea1024a",
    "type": "Compound",
    "symbol": "Milk crt/Pcs",
    "formalName": "Milk crate per Pisces",
    "decimalPlaces": 0,
    "conversionFactor": 32,
    "createdAt": "2025-08-22T08:06:31.877Z",
    "firstUnit": "68a05ede1aa07bbc34aaca5a",
    "secondUnit": "68a493c50f16c9aff95cc514",
    "__v": 0
  },
  {
    "_id": "68c12dda2b9180ca0215c05a",
    "type": "Compound",
    "symbol": "Box/Pcs",
    "formalName": "Box per Pisces",
    "decimalPlaces": 0,
    "conversionFactor": 15,
    "createdAt": "2025-09-10T07:50:50.227Z",
    "firstUnit": "68a1b5de3090fca0853f014b",
    "secondUnit": "68a493c50f16c9aff95cc514",
    "__v": 0
  },
  {
    "_id": "693773395e8a83f6da3de13f",
    "type": "Compound",
    "symbol": "Box/Pcs",
    "formalName": "Box per Pisces",
    "decimalPlaces": 0,
    "conversionFactor": 6,
    "createdAt": "2025-12-09T00:54:17.274Z",
    "firstUnit": "68a1b5de3090fca0853f014b",
    "secondUnit": "68a493c50f16c9aff95cc514",
    "__v": 0
  }
]